InputRow,TRN,ApplicationNumber,YearInput,EndpointUsed,HTTPStatus,Present,Note,CheckedAt
1,,,,NO_STRATEGY,0,,No valid identifier (CUSTOMER_TRN) found in row.,2025-11-24T13:49:38.761785
2,,,,NO_STRATEGY,0,,No valid identifier (CUSTOMER_TRN) found in row.,2025-11-24T13:49:38.761875
3,,,,NO_STRATEGY,0,,No valid identifier (CUSTOMER_TRN) found in row.,2025-11-24T13:49:38.761952
4,,,,NO_STRATEGY,0,,No valid identifier (CUSTOMER_TRN) found in row.,2025-11-24T13:49:38.762023
5,,,,NO_STRATEGY,0,,No valid identifier (CUSTOMER_TRN) found in row.,2025-11-24T13:49:38.762093
6,,,,NO_STRATEGY,0,,No valid identifier (CUSTOMER_TRN) found in row.,2025-11-24T13:49:38.762157
7,,,,NO_STRATEGY,0,,No valid identifier (CUSTOMER_TRN) found in row.,2025-11-24T13:49:38.762214
8,,,,NO_STRATEGY,0,,No valid identifier (CUSTOMER_TRN) found in row.,2025-11-24T13:49:38.762274
9,,,,NO_STRATEGY,0,,No valid identifier (CUSTOMER_TRN) found in row.,2025-11-24T13:49:38.762331
10,,,,NO_STRATEGY,0,,No valid identifier (CUSTOMER_TRN) found in row.,2025-11-24T13:49:38.762387
11,,,,NO_STRATEGY,0,,No valid identifier (CUSTOMER_TRN) found in row.,2025-11-24T13:49:38.762444
12,,,,NO_STRATEGY,0,,No valid identifier (CUSTOMER_TRN) found in row.,2025-11-24T13:49:38.762501
13,,,,NO_STRATEGY,0,,No valid identifier (CUSTOMER_TRN) found in row.,2025-11-24T13:49:38.762556
14,,,,NO_STRATEGY,0,,No valid identifier (CUSTOMER_TRN) found in row.,2025-11-24T13:49:38.762624
15,,,,NO_STRATEGY,0,,No valid identifier (CUSTOMER_TRN) found in row.,2025-11-24T13:49:38.762680
16,,,,NO_STRATEGY,0,,No valid identifier (CUSTOMER_TRN) found in row.,2025-11-24T13:49:38.762790
17,,,,NO_STRATEGY,0,,No valid identifier (CUSTOMER_TRN) found in row.,2025-11-24T13:49:38.762940
18,,,,NO_STRATEGY,0,,No valid identifier (CUSTOMER_TRN) found in row.,2025-11-24T13:49:38.763037
19,,,,NO_STRATEGY,0,,No valid identifier (CUSTOMER_TRN) found in row.,2025-11-24T13:49:38.763123
20,,,,NO_STRATEGY,0,,No valid identifier (CUSTOMER_TRN) found in row.,2025-11-24T13:49:38.763205
21,,,,NO_STRATEGY,0,,No valid identifier (CUSTOMER_TRN) found in row.,2025-11-24T13:49:38.763387
22,,,,NO_STRATEGY,0,,No valid identifier (CUSTOMER_TRN) found in row.,2025-11-24T13:49:38.763474
23,,,,NO_STRATEGY,0,,No valid identifier (CUSTOMER_TRN) found in row.,2025-11-24T13:49:38.763538
24,,,,NO_STRATEGY,0,,No valid identifier (CUSTOMER_TRN) found in row.,2025-11-24T13:49:38.763625
25,,,,NO_STRATEGY,0,,No valid identifier (CUSTOMER_TRN) found in row.,2025-11-24T13:49:38.763708
26,,,,NO_STRATEGY,0,,No valid identifier (CUSTOMER_TRN) found in row.,2025-11-24T13:49:38.763816
27,,,,NO_STRATEGY,0,,No valid identifier (CUSTOMER_TRN) found in row.,2025-11-24T13:49:38.763894
28,,,,NO_STRATEGY,0,,No valid identifier (CUSTOMER_TRN) found in row.,2025-11-24T13:49:38.763991
29,,,,NO_STRATEGY,0,,No valid identifier (CUSTOMER_TRN) found in row.,2025-11-24T13:49:38.764119
30,,,,NO_STRATEGY,0,,No valid identifier (CUSTOMER_TRN) found in row.,2025-11-24T13:49:38.764248
31,,,,NO_STRATEGY,0,,No valid identifier (CUSTOMER_TRN) found in row.,2025-11-24T13:49:38.764359
32,,,,NO_STRATEGY,0,,No valid identifier (CUSTOMER_TRN) found in row.,2025-11-24T13:49:38.764481
33,,,,NO_STRATEGY,0,,No valid identifier (CUSTOMER_TRN) found in row.,2025-11-24T13:49:38.764574
34,,,,NO_STRATEGY,0,,No valid identifier (CUSTOMER_TRN) found in row.,2025-11-24T13:49:38.764695
35,,,,NO_STRATEGY,0,,No valid identifier (CUSTOMER_TRN) found in row.,2025-11-24T13:49:38.764791
36,,,,NO_STRATEGY,0,,No valid identifier (CUSTOMER_TRN) found in row.,2025-11-24T13:49:38.764888
37,,,,NO_STRATEGY,0,,No valid identifier (CUSTOMER_TRN) found in row.,2025-11-24T13:49:38.764986
38,,,,NO_STRATEGY,0,,No valid identifier (CUSTOMER_TRN) found in row.,2025-11-24T13:49:38.765060
39,,,,NO_STRATEGY,0,,No valid identifier (CUSTOMER_TRN) found in row.,2025-11-24T13:49:38.765143
40,,,,NO_STRATEGY,0,,No valid identifier (CUSTOMER_TRN) found in row.,2025-11-24T13:49:38.765248
41,,,,NO_STRATEGY,0,,No valid identifier (CUSTOMER_TRN) found in row.,2025-11-24T13:49:38.765321
42,,,,NO_STRATEGY,0,,No valid identifier (CUSTOMER_TRN) found in row.,2025-11-24T13:49:38.765402
43,,,,NO_STRATEGY,0,,No valid identifier (CUSTOMER_TRN) found in row.,2025-11-24T13:49:38.765507
44,,,,NO_STRATEGY,0,,No valid identifier (CUSTOMER_TRN) found in row.,2025-11-24T13:49:38.765607
45,,,,NO_STRATEGY,0,,No valid identifier (CUSTOMER_TRN) found in row.,2025-11-24T13:49:38.765740
46,,,,NO_STRATEGY,0,,No valid identifier (CUSTOMER_TRN) found in row.,2025-11-24T13:49:38.765845
47,,,,NO_STRATEGY,0,,No valid identifier (CUSTOMER_TRN) found in row.,2025-11-24T13:49:38.765944
48,,,,NO_STRATEGY,0,,No valid identifier (CUSTOMER_TRN) found in row.,2025-11-24T13:49:38.766057
49,,,,NO_STRATEGY,0,,No valid identifier (CUSTOMER_TRN) found in row.,2025-11-24T13:49:38.766166
50,,,,NO_STRATEGY,0,,No valid identifier (CUSTOMER_TRN) found in row.,2025-11-24T13:49:38.766258
51,,,,NO_STRATEGY,0,,No valid identifier (CUSTOMER_TRN) found in row.,2025-11-24T13:49:38.766352
52,,,,NO_STRATEGY,0,,No valid identifier (CUSTOMER_TRN) found in row.,2025-11-24T13:49:38.766459
53,,,,NO_STRATEGY,0,,No valid identifier (CUSTOMER_TRN) found in row.,2025-11-24T13:49:38.766531
54,,,,NO_STRATEGY,0,,No valid identifier (CUSTOMER_TRN) found in row.,2025-11-24T13:49:38.766603
55,,,,NO_STRATEGY,0,,No valid identifier (CUSTOMER_TRN) found in row.,2025-11-24T13:49:38.766682
56,,,,NO_STRATEGY,0,,No valid identifier (CUSTOMER_TRN) found in row.,2025-11-24T13:49:38.766811
57,,,,NO_STRATEGY,0,,No valid identifier (CUSTOMER_TRN) found in row.,2025-11-24T13:49:38.766909
58,,,,NO_STRATEGY,0,,No valid identifier (CUSTOMER_TRN) found in row.,2025-11-24T13:49:38.767015
59,,,,NO_STRATEGY,0,,No valid identifier (CUSTOMER_TRN) found in row.,2025-11-24T13:49:38.767120
60,,,,NO_STRATEGY,0,,No valid identifier (CUSTOMER_TRN) found in row.,2025-11-24T13:49:38.767220
61,,,,NO_STRATEGY,0,,No valid identifier (CUSTOMER_TRN) found in row.,2025-11-24T13:49:38.767333
62,,,,NO_STRATEGY,0,,No valid identifier (CUSTOMER_TRN) found in row.,2025-11-24T13:49:38.767444
63,,,,NO_STRATEGY,0,,No valid identifier (CUSTOMER_TRN) found in row.,2025-11-24T13:49:38.767555
64,,,,NO_STRATEGY,0,,No valid identifier (CUSTOMER_TRN) found in row.,2025-11-24T13:49:38.767662
65,,,,NO_STRATEGY,0,,No valid identifier (CUSTOMER_TRN) found in row.,2025-11-24T13:49:38.767762
66,,,,NO_STRATEGY,0,,No valid identifier (CUSTOMER_TRN) found in row.,2025-11-24T13:49:38.767852
67,,,,NO_STRATEGY,0,,No valid identifier (CUSTOMER_TRN) found in row.,2025-11-24T13:49:38.767957
68,,,,NO_STRATEGY,0,,No valid identifier (CUSTOMER_TRN) found in row.,2025-11-24T13:49:38.768065
69,,,,NO_STRATEGY,0,,No valid identifier (CUSTOMER_TRN) found in row.,2025-11-24T13:49:38.768174
70,,,,NO_STRATEGY,0,,No valid identifier (CUSTOMER_TRN) found in row.,2025-11-24T13:49:38.768273
71,,,,NO_STRATEGY,0,,No valid identifier (CUSTOMER_TRN) found in row.,2025-11-24T13:49:38.768377
72,,,,NO_STRATEGY,0,,No valid identifier (CUSTOMER_TRN) found in row.,2025-11-24T13:49:38.768481
73,,,,NO_STRATEGY,0,,No valid identifier (CUSTOMER_TRN) found in row.,2025-11-24T13:49:38.768578
74,,,,NO_STRATEGY,0,,No valid identifier (CUSTOMER_TRN) found in row.,2025-11-24T13:49:38.768676
75,,,,NO_STRATEGY,0,,No valid identifier (CUSTOMER_TRN) found in row.,2025-11-24T13:49:38.768781
76,,,,NO_STRATEGY,0,,No valid identifier (CUSTOMER_TRN) found in row.,2025-11-24T13:49:38.768884
77,,,,NO_STRATEGY,0,,No valid identifier (CUSTOMER_TRN) found in row.,2025-11-24T13:49:38.768984
78,,,,NO_STRATEGY,0,,No valid identifier (CUSTOMER_TRN) found in row.,2025-11-24T13:49:38.769084
79,,,,NO_STRATEGY,0,,No valid identifier (CUSTOMER_TRN) found in row.,2025-11-24T13:49:38.769168
80,,,,NO_STRATEGY,0,,No valid identifier (CUSTOMER_TRN) found in row.,2025-11-24T13:49:38.769269
81,,,,NO_STRATEGY,0,,No valid identifier (CUSTOMER_TRN) found in row.,2025-11-24T13:49:38.769386
82,,,,NO_STRATEGY,0,,No valid identifier (CUSTOMER_TRN) found in row.,2025-11-24T13:49:38.769517
83,,,,NO_STRATEGY,0,,No valid identifier (CUSTOMER_TRN) found in row.,2025-11-24T13:49:38.769637
84,,,,NO_STRATEGY,0,,No valid identifier (CUSTOMER_TRN) found in row.,2025-11-24T13:49:38.769759
85,,,,NO_STRATEGY,0,,No valid identifier (CUSTOMER_TRN) found in row.,2025-11-24T13:49:38.769888
86,,,,NO_STRATEGY,0,,No valid identifier (CUSTOMER_TRN) found in row.,2025-11-24T13:49:38.769982
87,,,,NO_STRATEGY,0,,No valid identifier (CUSTOMER_TRN) found in row.,2025-11-24T13:49:38.770100
88,,,,NO_STRATEGY,0,,No valid identifier (CUSTOMER_TRN) found in row.,2025-11-24T13:49:38.770204
89,,,,NO_STRATEGY,0,,No valid identifier (CUSTOMER_TRN) found in row.,2025-11-24T13:49:38.770300
90,,,,NO_STRATEGY,0,,No valid identifier (CUSTOMER_TRN) found in row.,2025-11-24T13:49:38.770397
91,,,,NO_STRATEGY,0,,No valid identifier (CUSTOMER_TRN) found in row.,2025-11-24T13:49:38.770511
92,,,,NO_STRATEGY,0,,No valid identifier (CUSTOMER_TRN) found in row.,2025-11-24T13:49:38.770633
93,,,,NO_STRATEGY,0,,No valid identifier (CUSTOMER_TRN) found in row.,2025-11-24T13:49:38.770742
94,,,,NO_STRATEGY,0,,No valid identifier (CUSTOMER_TRN) found in row.,2025-11-24T13:49:38.770840
95,,,,NO_STRATEGY,0,,No valid identifier (CUSTOMER_TRN) found in row.,2025-11-24T13:49:38.770931
96,,,,NO_STRATEGY,0,,No valid identifier (CUSTOMER_TRN) found in row.,2025-11-24T13:49:38.771042
97,,,,NO_STRATEGY,0,,No valid identifier (CUSTOMER_TRN) found in row.,2025-11-24T13:49:38.771151
98,,,,NO_STRATEGY,0,,No valid identifier (CUSTOMER_TRN) found in row.,2025-11-24T13:49:38.771246
99,,,,NO_STRATEGY,0,,No valid identifier (CUSTOMER_TRN) found in row.,2025-11-24T13:49:38.771347
100,,,,NO_STRATEGY,0,,No valid identifier (CUSTOMER_TRN) found in row.,2025-11-24T13:49:38.771450
101,,,,NO_STRATEGY,0,,No valid identifier (CUSTOMER_TRN) found in row.,2025-11-24T13:49:38.771559
102,,,,NO_STRATEGY,0,,No valid identifier (CUSTOMER_TRN) found in row.,2025-11-24T13:49:38.771678
103,,,,NO_STRATEGY,0,,No valid identifier (CUSTOMER_TRN) found in row.,2025-11-24T13:49:38.771798
104,,,,NO_STRATEGY,0,,No valid identifier (CUSTOMER_TRN) found in row.,2025-11-24T13:49:38.771966
105,,,,NO_STRATEGY,0,,No valid identifier (CUSTOMER_TRN) found in row.,2025-11-24T13:49:38.772123
106,,,,NO_STRATEGY,0,,No valid identifier (CUSTOMER_TRN) found in row.,2025-11-24T13:49:38.772316
107,,,,NO_STRATEGY,0,,No valid identifier (CUSTOMER_TRN) found in row.,2025-11-24T13:49:38.772484
108,,,,NO_STRATEGY,0,,No valid identifier (CUSTOMER_TRN) found in row.,2025-11-24T13:49:38.772725
109,,,,NO_STRATEGY,0,,No valid identifier (CUSTOMER_TRN) found in row.,2025-11-24T13:49:38.772866
110,,,,NO_STRATEGY,0,,No valid identifier (CUSTOMER_TRN) found in row.,2025-11-24T13:49:38.773009
111,,,,NO_STRATEGY,0,,No valid identifier (CUSTOMER_TRN) found in row.,2025-11-24T13:49:38.773128
112,,,,NO_STRATEGY,0,,No valid identifier (CUSTOMER_TRN) found in row.,2025-11-24T13:49:38.773261
113,,,,NO_STRATEGY,0,,No valid identifier (CUSTOMER_TRN) found in row.,2025-11-24T13:49:38.773366
114,,,,NO_STRATEGY,0,,No valid identifier (CUSTOMER_TRN) found in row.,2025-11-24T13:49:38.773450
115,,,,NO_STRATEGY,0,,No valid identifier (CUSTOMER_TRN) found in row.,2025-11-24T13:49:38.773585
116,,,,NO_STRATEGY,0,,No valid identifier (CUSTOMER_TRN) found in row.,2025-11-24T13:49:38.773704
117,,,,NO_STRATEGY,0,,No valid identifier (CUSTOMER_TRN) found in row.,2025-11-24T13:49:38.773812
118,,,,NO_STRATEGY,0,,No valid identifier (CUSTOMER_TRN) found in row.,2025-11-24T13:49:38.773919
119,,,,NO_STRATEGY,0,,No valid identifier (CUSTOMER_TRN) found in row.,2025-11-24T13:49:38.774020
120,,,,NO_STRATEGY,0,,No valid identifier (CUSTOMER_TRN) found in row.,2025-11-24T13:49:38.774102
121,,,,NO_STRATEGY,0,,No valid identifier (CUSTOMER_TRN) found in row.,2025-11-24T13:49:38.774215
122,,,,NO_STRATEGY,0,,No valid identifier (CUSTOMER_TRN) found in row.,2025-11-24T13:49:38.774353
123,,,,NO_STRATEGY,0,,No valid identifier (CUSTOMER_TRN) found in row.,2025-11-24T13:49:38.774473
124,,,,NO_STRATEGY,0,,No valid identifier (CUSTOMER_TRN) found in row.,2025-11-24T13:49:38.774597
125,,,,NO_STRATEGY,0,,No valid identifier (CUSTOMER_TRN) found in row.,2025-11-24T13:49:38.774700
126,,,,NO_STRATEGY,0,,No valid identifier (CUSTOMER_TRN) found in row.,2025-11-24T13:49:38.774795
127,,,,NO_STRATEGY,0,,No valid identifier (CUSTOMER_TRN) found in row.,2025-11-24T13:49:38.774931
128,,,,NO_STRATEGY,0,,No valid identifier (CUSTOMER_TRN) found in row.,2025-11-24T13:49:38.775045
129,,,,NO_STRATEGY,0,,No valid identifier (CUSTOMER_TRN) found in row.,2025-11-24T13:49:38.775144
130,,,,NO_STRATEGY,0,,No valid identifier (CUSTOMER_TRN) found in row.,2025-11-24T13:49:38.775246
131,,,,NO_STRATEGY,0,,No valid identifier (CUSTOMER_TRN) found in row.,2025-11-24T13:49:38.775322
132,,,,NO_STRATEGY,0,,No valid identifier (CUSTOMER_TRN) found in row.,2025-11-24T13:49:38.775412
133,,,,NO_STRATEGY,0,,No valid identifier (CUSTOMER_TRN) found in row.,2025-11-24T13:49:38.775557
134,,,,NO_STRATEGY,0,,No valid identifier (CUSTOMER_TRN) found in row.,2025-11-24T13:49:38.775709
135,,,,NO_STRATEGY,0,,No valid identifier (CUSTOMER_TRN) found in row.,2025-11-24T13:49:38.775835
136,,,,NO_STRATEGY,0,,No valid identifier (CUSTOMER_TRN) found in row.,2025-11-24T13:49:38.775923
137,,,,NO_STRATEGY,0,,No valid identifier (CUSTOMER_TRN) found in row.,2025-11-24T13:49:38.776037
138,,,,NO_STRATEGY,0,,No valid identifier (CUSTOMER_TRN) found in row.,2025-11-24T13:49:38.776161
139,,,,NO_STRATEGY,0,,No valid identifier (CUSTOMER_TRN) found in row.,2025-11-24T13:49:38.776358
140,,,,NO_STRATEGY,0,,No valid identifier (CUSTOMER_TRN) found in row.,2025-11-24T13:49:38.776509
141,,,,NO_STRATEGY,0,,No valid identifier (CUSTOMER_TRN) found in row.,2025-11-24T13:49:38.776617
142,,,,NO_STRATEGY,0,,No valid identifier (CUSTOMER_TRN) found in row.,2025-11-24T13:49:38.776761
143,,,,NO_STRATEGY,0,,No valid identifier (CUSTOMER_TRN) found in row.,2025-11-24T13:49:38.776881
144,,,,NO_STRATEGY,0,,No valid identifier (CUSTOMER_TRN) found in row.,2025-11-24T13:49:38.777004
145,,,,NO_STRATEGY,0,,No valid identifier (CUSTOMER_TRN) found in row.,2025-11-24T13:49:38.777159
146,,,,NO_STRATEGY,0,,No valid identifier (CUSTOMER_TRN) found in row.,2025-11-24T13:49:38.777326
147,,,,NO_STRATEGY,0,,No valid identifier (CUSTOMER_TRN) found in row.,2025-11-24T13:49:38.777489
148,,,,NO_STRATEGY,0,,No valid identifier (CUSTOMER_TRN) found in row.,2025-11-24T13:49:38.777647
149,,,,NO_STRATEGY,0,,No valid identifier (CUSTOMER_TRN) found in row.,2025-11-24T13:49:38.777758
150,,,,NO_STRATEGY,0,,No valid identifier (CUSTOMER_TRN) found in row.,2025-11-24T13:49:38.777904
151,,,,NO_STRATEGY,0,,No valid identifier (CUSTOMER_TRN) found in row.,2025-11-24T13:49:38.778033
152,,,,NO_STRATEGY,0,,No valid identifier (CUSTOMER_TRN) found in row.,2025-11-24T13:49:38.778159
153,,,,NO_STRATEGY,0,,No valid identifier (CUSTOMER_TRN) found in row.,2025-11-24T13:49:38.778292
154,,,,NO_STRATEGY,0,,No valid identifier (CUSTOMER_TRN) found in row.,2025-11-24T13:49:38.778414
155,,,,NO_STRATEGY,0,,No valid identifier (CUSTOMER_TRN) found in row.,2025-11-24T13:49:38.778556
156,,,,NO_STRATEGY,0,,No valid identifier (CUSTOMER_TRN) found in row.,2025-11-24T13:49:38.778768
157,,,,NO_STRATEGY,0,,No valid identifier (CUSTOMER_TRN) found in row.,2025-11-24T13:49:38.778883
158,,,,NO_STRATEGY,0,,No valid identifier (CUSTOMER_TRN) found in row.,2025-11-24T13:49:38.778976
159,,,,NO_STRATEGY,0,,No valid identifier (CUSTOMER_TRN) found in row.,2025-11-24T13:49:38.779077
160,,,,NO_STRATEGY,0,,No valid identifier (CUSTOMER_TRN) found in row.,2025-11-24T13:49:38.779180
161,,,,NO_STRATEGY,0,,No valid identifier (CUSTOMER_TRN) found in row.,2025-11-24T13:49:38.779281
162,,,,NO_STRATEGY,0,,No valid identifier (CUSTOMER_TRN) found in row.,2025-11-24T13:49:38.779395
163,,,,NO_STRATEGY,0,,No valid identifier (CUSTOMER_TRN) found in row.,2025-11-24T13:49:38.779495
164,,,,NO_STRATEGY,0,,No valid identifier (CUSTOMER_TRN) found in row.,2025-11-24T13:49:38.779655
165,,,,NO_STRATEGY,0,,No valid identifier (CUSTOMER_TRN) found in row.,2025-11-24T13:49:38.779750
166,,,,NO_STRATEGY,0,,No valid identifier (CUSTOMER_TRN) found in row.,2025-11-24T13:49:38.779905
167,,,,NO_STRATEGY,0,,No valid identifier (CUSTOMER_TRN) found in row.,2025-11-24T13:49:38.780051
168,,,,NO_STRATEGY,0,,No valid identifier (CUSTOMER_TRN) found in row.,2025-11-24T13:49:38.780228
169,,,,NO_STRATEGY,0,,No valid identifier (CUSTOMER_TRN) found in row.,2025-11-24T13:49:38.780422
170,,,,NO_STRATEGY,0,,No valid identifier (CUSTOMER_TRN) found in row.,2025-11-24T13:49:38.780552
171,,,,NO_STRATEGY,0,,No valid identifier (CUSTOMER_TRN) found in row.,2025-11-24T13:49:38.780691
172,,,,NO_STRATEGY,0,,No valid identifier (CUSTOMER_TRN) found in row.,2025-11-24T13:49:38.780823
173,,,,NO_STRATEGY,0,,No valid identifier (CUSTOMER_TRN) found in row.,2025-11-24T13:49:38.780943
174,,,,NO_STRATEGY,0,,No valid identifier (CUSTOMER_TRN) found in row.,2025-11-24T13:49:38.781045
175,,,,NO_STRATEGY,0,,No valid identifier (CUSTOMER_TRN) found in row.,2025-11-24T13:49:38.781167
176,,,,NO_STRATEGY,0,,No valid identifier (CUSTOMER_TRN) found in row.,2025-11-24T13:49:38.781288
177,,,,NO_STRATEGY,0,,No valid identifier (CUSTOMER_TRN) found in row.,2025-11-24T13:49:38.781391
178,,,,NO_STRATEGY,0,,No valid identifier (CUSTOMER_TRN) found in row.,2025-11-24T13:49:38.781488
179,,,,NO_STRATEGY,0,,No valid identifier (CUSTOMER_TRN) found in row.,2025-11-24T13:49:38.781580
180,,,,NO_STRATEGY,0,,No valid identifier (CUSTOMER_TRN) found in row.,2025-11-24T13:49:38.781677
181,,,,NO_STRATEGY,0,,No valid identifier (CUSTOMER_TRN) found in row.,2025-11-24T13:49:38.781764
182,,,,NO_STRATEGY,0,,No valid identifier (CUSTOMER_TRN) found in row.,2025-11-24T13:49:38.781870
183,,,,NO_STRATEGY,0,,No valid identifier (CUSTOMER_TRN) found in row.,2025-11-24T13:49:38.781963
184,,,,NO_STRATEGY,0,,No valid identifier (CUSTOMER_TRN) found in row.,2025-11-24T13:49:38.782061
185,,,,NO_STRATEGY,0,,No valid identifier (CUSTOMER_TRN) found in row.,2025-11-24T13:49:38.782159
186,,,,NO_STRATEGY,0,,No valid identifier (CUSTOMER_TRN) found in row.,2025-11-24T13:49:38.782244
187,,,,NO_STRATEGY,0,,No valid identifier (CUSTOMER_TRN) found in row.,2025-11-24T13:49:38.782328
188,,,,NO_STRATEGY,0,,No valid identifier (CUSTOMER_TRN) found in row.,2025-11-24T13:49:38.782411
189,,,,NO_STRATEGY,0,,No valid identifier (CUSTOMER_TRN) found in row.,2025-11-24T13:49:38.782499
190,,,,NO_STRATEGY,0,,No valid identifier (CUSTOMER_TRN) found in row.,2025-11-24T13:49:38.782585
191,,,,NO_STRATEGY,0,,No valid identifier (CUSTOMER_TRN) found in row.,2025-11-24T13:49:38.782669
192,,,,NO_STRATEGY,0,,No valid identifier (CUSTOMER_TRN) found in row.,2025-11-24T13:49:38.782761
193,,,,NO_STRATEGY,0,,No valid identifier (CUSTOMER_TRN) found in row.,2025-11-24T13:49:38.782857
194,,,,NO_STRATEGY,0,,No valid identifier (CUSTOMER_TRN) found in row.,2025-11-24T13:49:38.782955
195,,,,NO_STRATEGY,0,,No valid identifier (CUSTOMER_TRN) found in row.,2025-11-24T13:49:38.783054
196,,,,NO_STRATEGY,0,,No valid identifier (CUSTOMER_TRN) found in row.,2025-11-24T13:49:38.783153
197,,,,NO_STRATEGY,0,,No valid identifier (CUSTOMER_TRN) found in row.,2025-11-24T13:49:38.783239
198,,,,NO_STRATEGY,0,,No valid identifier (CUSTOMER_TRN) found in row.,2025-11-24T13:49:38.783633
199,,,,NO_STRATEGY,0,,No valid identifier (CUSTOMER_TRN) found in row.,2025-11-24T13:49:38.783735
200,,,,NO_STRATEGY,0,,No valid identifier (CUSTOMER_TRN) found in row.,2025-11-24T13:49:38.783798
201,,,,NO_STRATEGY,0,,No valid identifier (CUSTOMER_TRN) found in row.,2025-11-24T13:49:38.783877
202,,,,NO_STRATEGY,0,,No valid identifier (CUSTOMER_TRN) found in row.,2025-11-24T13:49:38.783962
203,,,,NO_STRATEGY,0,,No valid identifier (CUSTOMER_TRN) found in row.,2025-11-24T13:49:38.784050
204,,,,NO_STRATEGY,0,,No valid identifier (CUSTOMER_TRN) found in row.,2025-11-24T13:49:38.784157
205,,,,NO_STRATEGY,0,,No valid identifier (CUSTOMER_TRN) found in row.,2025-11-24T13:49:38.784294
206,,,,NO_STRATEGY,0,,No valid identifier (CUSTOMER_TRN) found in row.,2025-11-24T13:49:38.784392
207,,,,NO_STRATEGY,0,,No valid identifier (CUSTOMER_TRN) found in row.,2025-11-24T13:49:38.784488
208,,,,NO_STRATEGY,0,,No valid identifier (CUSTOMER_TRN) found in row.,2025-11-24T13:49:38.784573
209,,,,NO_STRATEGY,0,,No valid identifier (CUSTOMER_TRN) found in row.,2025-11-24T13:49:38.784645
210,,,,NO_STRATEGY,0,,No valid identifier (CUSTOMER_TRN) found in row.,2025-11-24T13:49:38.784731
211,,,,NO_STRATEGY,0,,No valid identifier (CUSTOMER_TRN) found in row.,2025-11-24T13:49:38.784821
212,,,,NO_STRATEGY,0,,No valid identifier (CUSTOMER_TRN) found in row.,2025-11-24T13:49:38.784904
213,,,,NO_STRATEGY,0,,No valid identifier (CUSTOMER_TRN) found in row.,2025-11-24T13:49:38.784977
214,,,,NO_STRATEGY,0,,No valid identifier (CUSTOMER_TRN) found in row.,2025-11-24T13:49:38.785094
215,,,,NO_STRATEGY,0,,No valid identifier (CUSTOMER_TRN) found in row.,2025-11-24T13:49:38.785190
216,,,,NO_STRATEGY,0,,No valid identifier (CUSTOMER_TRN) found in row.,2025-11-24T13:49:38.785292
217,,,,NO_STRATEGY,0,,No valid identifier (CUSTOMER_TRN) found in row.,2025-11-24T13:49:38.785415
218,,,,NO_STRATEGY,0,,No valid identifier (CUSTOMER_TRN) found in row.,2025-11-24T13:49:38.785545
219,,,,NO_STRATEGY,0,,No valid identifier (CUSTOMER_TRN) found in row.,2025-11-24T13:49:38.785677
220,,,,NO_STRATEGY,0,,No valid identifier (CUSTOMER_TRN) found in row.,2025-11-24T13:49:38.785798
221,,,,NO_STRATEGY,0,,No valid identifier (CUSTOMER_TRN) found in row.,2025-11-24T13:49:38.785925
222,,,,NO_STRATEGY,0,,No valid identifier (CUSTOMER_TRN) found in row.,2025-11-24T13:49:38.786030
223,,,,NO_STRATEGY,0,,No valid identifier (CUSTOMER_TRN) found in row.,2025-11-24T13:49:38.786102
224,,,,NO_STRATEGY,0,,No valid identifier (CUSTOMER_TRN) found in row.,2025-11-24T13:49:38.786184
225,,,,NO_STRATEGY,0,,No valid identifier (CUSTOMER_TRN) found in row.,2025-11-24T13:49:38.786289
226,,,,NO_STRATEGY,0,,No valid identifier (CUSTOMER_TRN) found in row.,2025-11-24T13:49:38.786475
227,,,,NO_STRATEGY,0,,No valid identifier (CUSTOMER_TRN) found in row.,2025-11-24T13:49:38.786683
228,,,,NO_STRATEGY,0,,No valid identifier (CUSTOMER_TRN) found in row.,2025-11-24T13:49:38.786811
229,,,,NO_STRATEGY,0,,No valid identifier (CUSTOMER_TRN) found in row.,2025-11-24T13:49:38.786981
230,,,,NO_STRATEGY,0,,No valid identifier (CUSTOMER_TRN) found in row.,2025-11-24T13:49:38.787123
231,,,,NO_STRATEGY,0,,No valid identifier (CUSTOMER_TRN) found in row.,2025-11-24T13:49:38.787255
232,,,,NO_STRATEGY,0,,No valid identifier (CUSTOMER_TRN) found in row.,2025-11-24T13:49:38.787415
233,,,,NO_STRATEGY,0,,No valid identifier (CUSTOMER_TRN) found in row.,2025-11-24T13:49:38.787561
234,,,,NO_STRATEGY,0,,No valid identifier (CUSTOMER_TRN) found in row.,2025-11-24T13:49:38.787685
235,,,,NO_STRATEGY,0,,No valid identifier (CUSTOMER_TRN) found in row.,2025-11-24T13:49:38.787786
236,,,,NO_STRATEGY,0,,No valid identifier (CUSTOMER_TRN) found in row.,2025-11-24T13:49:38.787892
237,,,,NO_STRATEGY,0,,No valid identifier (CUSTOMER_TRN) found in row.,2025-11-24T13:49:38.788005
238,,,,NO_STRATEGY,0,,No valid identifier (CUSTOMER_TRN) found in row.,2025-11-24T13:49:38.788154
239,,,,NO_STRATEGY,0,,No valid identifier (CUSTOMER_TRN) found in row.,2025-11-24T13:49:38.788292
240,,,,NO_STRATEGY,0,,No valid identifier (CUSTOMER_TRN) found in row.,2025-11-24T13:49:38.788438
241,,,,NO_STRATEGY,0,,No valid identifier (CUSTOMER_TRN) found in row.,2025-11-24T13:49:38.788563
242,,,,NO_STRATEGY,0,,No valid identifier (CUSTOMER_TRN) found in row.,2025-11-24T13:49:38.788685
243,,,,NO_STRATEGY,0,,No valid identifier (CUSTOMER_TRN) found in row.,2025-11-24T13:49:38.788855
244,,,,NO_STRATEGY,0,,No valid identifier (CUSTOMER_TRN) found in row.,2025-11-24T13:49:38.788965
245,,,,NO_STRATEGY,0,,No valid identifier (CUSTOMER_TRN) found in row.,2025-11-24T13:49:38.789096
246,,,,NO_STRATEGY,0,,No valid identifier (CUSTOMER_TRN) found in row.,2025-11-24T13:49:38.789229
247,,,,NO_STRATEGY,0,,No valid identifier (CUSTOMER_TRN) found in row.,2025-11-24T13:49:38.789346
248,,,,NO_STRATEGY,0,,No valid identifier (CUSTOMER_TRN) found in row.,2025-11-24T13:49:38.789460
249,,,,NO_STRATEGY,0,,No valid identifier (CUSTOMER_TRN) found in row.,2025-11-24T13:49:38.789594
250,,,,NO_STRATEGY,0,,No valid identifier (CUSTOMER_TRN) found in row.,2025-11-24T13:49:38.789708
251,,,,NO_STRATEGY,0,,No valid identifier (CUSTOMER_TRN) found in row.,2025-11-24T13:49:38.789882
252,,,,NO_STRATEGY,0,,No valid identifier (CUSTOMER_TRN) found in row.,2025-11-24T13:49:38.790019
253,,,,NO_STRATEGY,0,,No valid identifier (CUSTOMER_TRN) found in row.,2025-11-24T13:49:38.790150
254,,,,NO_STRATEGY,0,,No valid identifier (CUSTOMER_TRN) found in row.,2025-11-24T13:49:38.790274
255,,,,NO_STRATEGY,0,,No valid identifier (CUSTOMER_TRN) found in row.,2025-11-24T13:49:38.790383
256,,,,NO_STRATEGY,0,,No valid identifier (CUSTOMER_TRN) found in row.,2025-11-24T13:49:38.790487
257,,,,NO_STRATEGY,0,,No valid identifier (CUSTOMER_TRN) found in row.,2025-11-24T13:49:38.790670
258,,,,NO_STRATEGY,0,,No valid identifier (CUSTOMER_TRN) found in row.,2025-11-24T13:49:38.790872
259,,,,NO_STRATEGY,0,,No valid identifier (CUSTOMER_TRN) found in row.,2025-11-24T13:49:38.791010
260,,,,NO_STRATEGY,0,,No valid identifier (CUSTOMER_TRN) found in row.,2025-11-24T13:49:38.791149
261,,,,NO_STRATEGY,0,,No valid identifier (CUSTOMER_TRN) found in row.,2025-11-24T13:49:38.791420
262,,,,NO_STRATEGY,0,,No valid identifier (CUSTOMER_TRN) found in row.,2025-11-24T13:49:38.791584
263,,,,NO_STRATEGY,0,,No valid identifier (CUSTOMER_TRN) found in row.,2025-11-24T13:49:38.791726
264,,,,NO_STRATEGY,0,,No valid identifier (CUSTOMER_TRN) found in row.,2025-11-24T13:49:38.791877
265,,,,NO_STRATEGY,0,,No valid identifier (CUSTOMER_TRN) found in row.,2025-11-24T13:49:38.792046
266,,,,NO_STRATEGY,0,,No valid identifier (CUSTOMER_TRN) found in row.,2025-11-24T13:49:38.792175
267,,,,NO_STRATEGY,0,,No valid identifier (CUSTOMER_TRN) found in row.,2025-11-24T13:49:38.792514
268,,,,NO_STRATEGY,0,,No valid identifier (CUSTOMER_TRN) found in row.,2025-11-24T13:49:38.792714
269,,,,NO_STRATEGY,0,,No valid identifier (CUSTOMER_TRN) found in row.,2025-11-24T13:49:38.793021
270,,,,NO_STRATEGY,0,,No valid identifier (CUSTOMER_TRN) found in row.,2025-11-24T13:49:38.793280
271,,,,NO_STRATEGY,0,,No valid identifier (CUSTOMER_TRN) found in row.,2025-11-24T13:49:38.793522
272,,,,NO_STRATEGY,0,,No valid identifier (CUSTOMER_TRN) found in row.,2025-11-24T13:49:38.793781
273,,,,NO_STRATEGY,0,,No valid identifier (CUSTOMER_TRN) found in row.,2025-11-24T13:49:38.793944
274,,,,NO_STRATEGY,0,,No valid identifier (CUSTOMER_TRN) found in row.,2025-11-24T13:49:38.794154
275,,,,NO_STRATEGY,0,,No valid identifier (CUSTOMER_TRN) found in row.,2025-11-24T13:49:38.794309
276,,,,NO_STRATEGY,0,,No valid identifier (CUSTOMER_TRN) found in row.,2025-11-24T13:49:38.794623
277,,,,NO_STRATEGY,0,,No valid identifier (CUSTOMER_TRN) found in row.,2025-11-24T13:49:38.794814
278,,,,NO_STRATEGY,0,,No valid identifier (CUSTOMER_TRN) found in row.,2025-11-24T13:49:38.795076
279,,,,NO_STRATEGY,0,,No valid identifier (CUSTOMER_TRN) found in row.,2025-11-24T13:49:38.795233
280,,,,NO_STRATEGY,0,,No valid identifier (CUSTOMER_TRN) found in row.,2025-11-24T13:49:38.795407
281,,,,NO_STRATEGY,0,,No valid identifier (CUSTOMER_TRN) found in row.,2025-11-24T13:49:38.795549
282,,,,NO_STRATEGY,0,,No valid identifier (CUSTOMER_TRN) found in row.,2025-11-24T13:49:38.795669
283,,,,NO_STRATEGY,0,,No valid identifier (CUSTOMER_TRN) found in row.,2025-11-24T13:49:38.795743
284,,,,NO_STRATEGY,0,,No valid identifier (CUSTOMER_TRN) found in row.,2025-11-24T13:49:38.795836
285,,,,NO_STRATEGY,0,,No valid identifier (CUSTOMER_TRN) found in row.,2025-11-24T13:49:38.795974
286,,,,NO_STRATEGY,0,,No valid identifier (CUSTOMER_TRN) found in row.,2025-11-24T13:49:38.796092
287,,,,NO_STRATEGY,0,,No valid identifier (CUSTOMER_TRN) found in row.,2025-11-24T13:49:38.796229
288,,,,NO_STRATEGY,0,,No valid identifier (CUSTOMER_TRN) found in row.,2025-11-24T13:49:38.796348
289,,,,NO_STRATEGY,0,,No valid identifier (CUSTOMER_TRN) found in row.,2025-11-24T13:49:38.796459
290,,,,NO_STRATEGY,0,,No valid identifier (CUSTOMER_TRN) found in row.,2025-11-24T13:49:38.796588
291,,,,NO_STRATEGY,0,,No valid identifier (CUSTOMER_TRN) found in row.,2025-11-24T13:49:38.796726
292,,,,NO_STRATEGY,0,,No valid identifier (CUSTOMER_TRN) found in row.,2025-11-24T13:49:38.796857
293,,,,NO_STRATEGY,0,,No valid identifier (CUSTOMER_TRN) found in row.,2025-11-24T13:49:38.796975
294,,,,NO_STRATEGY,0,,No valid identifier (CUSTOMER_TRN) found in row.,2025-11-24T13:49:38.797087
295,,,,NO_STRATEGY,0,,No valid identifier (CUSTOMER_TRN) found in row.,2025-11-24T13:49:38.797208
296,,,,NO_STRATEGY,0,,No valid identifier (CUSTOMER_TRN) found in row.,2025-11-24T13:49:38.797377
297,,,,NO_STRATEGY,0,,No valid identifier (CUSTOMER_TRN) found in row.,2025-11-24T13:49:38.797514
298,,,,NO_STRATEGY,0,,No valid identifier (CUSTOMER_TRN) found in row.,2025-11-24T13:49:38.797626
299,,,,NO_STRATEGY,0,,No valid identifier (CUSTOMER_TRN) found in row.,2025-11-24T13:49:38.797735
300,,,,NO_STRATEGY,0,,No valid identifier (CUSTOMER_TRN) found in row.,2025-11-24T13:49:38.797844
301,,,,NO_STRATEGY,0,,No valid identifier (CUSTOMER_TRN) found in row.,2025-11-24T13:49:38.797972
302,,,,NO_STRATEGY,0,,No valid identifier (CUSTOMER_TRN) found in row.,2025-11-24T13:49:38.798097
303,,,,NO_STRATEGY,0,,No valid identifier (CUSTOMER_TRN) found in row.,2025-11-24T13:49:38.798301
304,,,,NO_STRATEGY,0,,No valid identifier (CUSTOMER_TRN) found in row.,2025-11-24T13:49:38.798424
305,,,,NO_STRATEGY,0,,No valid identifier (CUSTOMER_TRN) found in row.,2025-11-24T13:49:38.798534
306,,,,NO_STRATEGY,0,,No valid identifier (CUSTOMER_TRN) found in row.,2025-11-24T13:49:38.798674
307,,,,NO_STRATEGY,0,,No valid identifier (CUSTOMER_TRN) found in row.,2025-11-24T13:49:38.798793
308,,,,NO_STRATEGY,0,,No valid identifier (CUSTOMER_TRN) found in row.,2025-11-24T13:49:38.798922
309,,,,NO_STRATEGY,0,,No valid identifier (CUSTOMER_TRN) found in row.,2025-11-24T13:49:38.799036
310,,,,NO_STRATEGY,0,,No valid identifier (CUSTOMER_TRN) found in row.,2025-11-24T13:49:38.799149
311,,,,NO_STRATEGY,0,,No valid identifier (CUSTOMER_TRN) found in row.,2025-11-24T13:49:38.799287
312,,,,NO_STRATEGY,0,,No valid identifier (CUSTOMER_TRN) found in row.,2025-11-24T13:49:38.799400
313,,,,NO_STRATEGY,0,,No valid identifier (CUSTOMER_TRN) found in row.,2025-11-24T13:49:38.799503
314,,,,NO_STRATEGY,0,,No valid identifier (CUSTOMER_TRN) found in row.,2025-11-24T13:49:38.799612
315,,,,NO_STRATEGY,0,,No valid identifier (CUSTOMER_TRN) found in row.,2025-11-24T13:49:38.799728
316,,,,NO_STRATEGY,0,,No valid identifier (CUSTOMER_TRN) found in row.,2025-11-24T13:49:38.799871
317,,,,NO_STRATEGY,0,,No valid identifier (CUSTOMER_TRN) found in row.,2025-11-24T13:49:38.799986
318,,,,NO_STRATEGY,0,,No valid identifier (CUSTOMER_TRN) found in row.,2025-11-24T13:49:38.800102
319,,,,NO_STRATEGY,0,,No valid identifier (CUSTOMER_TRN) found in row.,2025-11-24T13:49:38.800210
320,,,,NO_STRATEGY,0,,No valid identifier (CUSTOMER_TRN) found in row.,2025-11-24T13:49:38.800311
321,,,,NO_STRATEGY,0,,No valid identifier (CUSTOMER_TRN) found in row.,2025-11-24T13:49:38.800429
322,,,,NO_STRATEGY,0,,No valid identifier (CUSTOMER_TRN) found in row.,2025-11-24T13:49:38.800539
323,,,,NO_STRATEGY,0,,No valid identifier (CUSTOMER_TRN) found in row.,2025-11-24T13:49:38.800667
324,,,,NO_STRATEGY,0,,No valid identifier (CUSTOMER_TRN) found in row.,2025-11-24T13:49:38.800763
325,,,,NO_STRATEGY,0,,No valid identifier (CUSTOMER_TRN) found in row.,2025-11-24T13:49:38.800840
326,,,,NO_STRATEGY,0,,No valid identifier (CUSTOMER_TRN) found in row.,2025-11-24T13:49:38.800916
327,,,,NO_STRATEGY,0,,No valid identifier (CUSTOMER_TRN) found in row.,2025-11-24T13:49:38.800986
328,,,,NO_STRATEGY,0,,No valid identifier (CUSTOMER_TRN) found in row.,2025-11-24T13:49:38.801082
329,,,,NO_STRATEGY,0,,No valid identifier (CUSTOMER_TRN) found in row.,2025-11-24T13:49:38.801199
330,,,,NO_STRATEGY,0,,No valid identifier (CUSTOMER_TRN) found in row.,2025-11-24T13:49:38.801289
331,,,,NO_STRATEGY,0,,No valid identifier (CUSTOMER_TRN) found in row.,2025-11-24T13:49:38.801399
332,,,,NO_STRATEGY,0,,No valid identifier (CUSTOMER_TRN) found in row.,2025-11-24T13:49:38.801512
333,,,,NO_STRATEGY,0,,No valid identifier (CUSTOMER_TRN) found in row.,2025-11-24T13:49:38.801624
334,,,,NO_STRATEGY,0,,No valid identifier (CUSTOMER_TRN) found in row.,2025-11-24T13:49:38.801732
335,,,,NO_STRATEGY,0,,No valid identifier (CUSTOMER_TRN) found in row.,2025-11-24T13:49:38.801844
336,,,,NO_STRATEGY,0,,No valid identifier (CUSTOMER_TRN) found in row.,2025-11-24T13:49:38.801949
337,,,,NO_STRATEGY,0,,No valid identifier (CUSTOMER_TRN) found in row.,2025-11-24T13:49:38.802054
338,,,,NO_STRATEGY,0,,No valid identifier (CUSTOMER_TRN) found in row.,2025-11-24T13:49:38.802147
339,,,,NO_STRATEGY,0,,No valid identifier (CUSTOMER_TRN) found in row.,2025-11-24T13:49:38.802259
340,,,,NO_STRATEGY,0,,No valid identifier (CUSTOMER_TRN) found in row.,2025-11-24T13:49:38.802358
341,,,,NO_STRATEGY,0,,No valid identifier (CUSTOMER_TRN) found in row.,2025-11-24T13:49:38.802457
342,,,,NO_STRATEGY,0,,No valid identifier (CUSTOMER_TRN) found in row.,2025-11-24T13:49:38.802530
343,,,,NO_STRATEGY,0,,No valid identifier (CUSTOMER_TRN) found in row.,2025-11-24T13:49:38.802609
344,,,,NO_STRATEGY,0,,No valid identifier (CUSTOMER_TRN) found in row.,2025-11-24T13:49:38.802700
345,,,,NO_STRATEGY,0,,No valid identifier (CUSTOMER_TRN) found in row.,2025-11-24T13:49:38.802809
346,,,,NO_STRATEGY,0,,No valid identifier (CUSTOMER_TRN) found in row.,2025-11-24T13:49:38.802946
347,,,,NO_STRATEGY,0,,No valid identifier (CUSTOMER_TRN) found in row.,2025-11-24T13:49:38.803080
348,,,,NO_STRATEGY,0,,No valid identifier (CUSTOMER_TRN) found in row.,2025-11-24T13:49:38.803231
349,,,,NO_STRATEGY,0,,No valid identifier (CUSTOMER_TRN) found in row.,2025-11-24T13:49:38.803326
350,,,,NO_STRATEGY,0,,No valid identifier (CUSTOMER_TRN) found in row.,2025-11-24T13:49:38.803430
351,,,,NO_STRATEGY,0,,No valid identifier (CUSTOMER_TRN) found in row.,2025-11-24T13:49:38.803552
352,,,,NO_STRATEGY,0,,No valid identifier (CUSTOMER_TRN) found in row.,2025-11-24T13:49:38.803685
353,,,,NO_STRATEGY,0,,No valid identifier (CUSTOMER_TRN) found in row.,2025-11-24T13:49:38.803816
354,,,,NO_STRATEGY,0,,No valid identifier (CUSTOMER_TRN) found in row.,2025-11-24T13:49:38.803938
355,,,,NO_STRATEGY,0,,No valid identifier (CUSTOMER_TRN) found in row.,2025-11-24T13:49:38.804051
356,,,,NO_STRATEGY,0,,No valid identifier (CUSTOMER_TRN) found in row.,2025-11-24T13:49:38.804266
357,,,,NO_STRATEGY,0,,No valid identifier (CUSTOMER_TRN) found in row.,2025-11-24T13:49:38.804404
358,,,,NO_STRATEGY,0,,No valid identifier (CUSTOMER_TRN) found in row.,2025-11-24T13:49:38.804528
359,,,,NO_STRATEGY,0,,No valid identifier (CUSTOMER_TRN) found in row.,2025-11-24T13:49:38.804701
360,,,,NO_STRATEGY,0,,No valid identifier (CUSTOMER_TRN) found in row.,2025-11-24T13:49:38.804838
361,,,,NO_STRATEGY,0,,No valid identifier (CUSTOMER_TRN) found in row.,2025-11-24T13:49:38.804962
362,,,,NO_STRATEGY,0,,No valid identifier (CUSTOMER_TRN) found in row.,2025-11-24T13:49:38.805151
363,,,,NO_STRATEGY,0,,No valid identifier (CUSTOMER_TRN) found in row.,2025-11-24T13:49:38.805305
364,,,,NO_STRATEGY,0,,No valid identifier (CUSTOMER_TRN) found in row.,2025-11-24T13:49:38.805453
365,,,,NO_STRATEGY,0,,No valid identifier (CUSTOMER_TRN) found in row.,2025-11-24T13:49:38.805633
366,,,,NO_STRATEGY,0,,No valid identifier (CUSTOMER_TRN) found in row.,2025-11-24T13:49:38.805751
367,,,,NO_STRATEGY,0,,No valid identifier (CUSTOMER_TRN) found in row.,2025-11-24T13:49:38.805882
368,,,,NO_STRATEGY,0,,No valid identifier (CUSTOMER_TRN) found in row.,2025-11-24T13:49:38.806015
369,,,,NO_STRATEGY,0,,No valid identifier (CUSTOMER_TRN) found in row.,2025-11-24T13:49:38.806145
370,,,,NO_STRATEGY,0,,No valid identifier (CUSTOMER_TRN) found in row.,2025-11-24T13:49:38.806266
371,,,,NO_STRATEGY,0,,No valid identifier (CUSTOMER_TRN) found in row.,2025-11-24T13:49:38.806391
372,,,,NO_STRATEGY,0,,No valid identifier (CUSTOMER_TRN) found in row.,2025-11-24T13:49:38.806514
373,,,,NO_STRATEGY,0,,No valid identifier (CUSTOMER_TRN) found in row.,2025-11-24T13:49:38.806645
374,,,,NO_STRATEGY,0,,No valid identifier (CUSTOMER_TRN) found in row.,2025-11-24T13:49:38.806809
375,,,,NO_STRATEGY,0,,No valid identifier (CUSTOMER_TRN) found in row.,2025-11-24T13:49:38.806932
376,,,,NO_STRATEGY,0,,No valid identifier (CUSTOMER_TRN) found in row.,2025-11-24T13:49:38.807927
377,,,,NO_STRATEGY,0,,No valid identifier (CUSTOMER_TRN) found in row.,2025-11-24T13:49:38.808107
378,,,,NO_STRATEGY,0,,No valid identifier (CUSTOMER_TRN) found in row.,2025-11-24T13:49:38.808438
379,,,,NO_STRATEGY,0,,No valid identifier (CUSTOMER_TRN) found in row.,2025-11-24T13:49:38.808677
380,,,,NO_STRATEGY,0,,No valid identifier (CUSTOMER_TRN) found in row.,2025-11-24T13:49:38.808948
381,,,,NO_STRATEGY,0,,No valid identifier (CUSTOMER_TRN) found in row.,2025-11-24T13:49:38.809363
382,,,,NO_STRATEGY,0,,No valid identifier (CUSTOMER_TRN) found in row.,2025-11-24T13:49:38.809767
383,,,,NO_STRATEGY,0,,No valid identifier (CUSTOMER_TRN) found in row.,2025-11-24T13:49:38.809931
384,,,,NO_STRATEGY,0,,No valid identifier (CUSTOMER_TRN) found in row.,2025-11-24T13:49:38.810133
385,,,,NO_STRATEGY,0,,No valid identifier (CUSTOMER_TRN) found in row.,2025-11-24T13:49:38.810317
386,,,,NO_STRATEGY,0,,No valid identifier (CUSTOMER_TRN) found in row.,2025-11-24T13:49:38.810528
387,,,,NO_STRATEGY,0,,No valid identifier (CUSTOMER_TRN) found in row.,2025-11-24T13:49:38.810691
388,,,,NO_STRATEGY,0,,No valid identifier (CUSTOMER_TRN) found in row.,2025-11-24T13:49:38.810820
389,,,,NO_STRATEGY,0,,No valid identifier (CUSTOMER_TRN) found in row.,2025-11-24T13:49:38.810949
390,,,,NO_STRATEGY,0,,No valid identifier (CUSTOMER_TRN) found in row.,2025-11-24T13:49:38.811062
391,,,,NO_STRATEGY,0,,No valid identifier (CUSTOMER_TRN) found in row.,2025-11-24T13:49:38.811176
392,,,,NO_STRATEGY,0,,No valid identifier (CUSTOMER_TRN) found in row.,2025-11-24T13:49:38.811316
393,,,,NO_STRATEGY,0,,No valid identifier (CUSTOMER_TRN) found in row.,2025-11-24T13:49:38.811443
394,,,,NO_STRATEGY,0,,No valid identifier (CUSTOMER_TRN) found in row.,2025-11-24T13:49:38.811604
395,,,,NO_STRATEGY,0,,No valid identifier (CUSTOMER_TRN) found in row.,2025-11-24T13:49:38.811740
396,,,,NO_STRATEGY,0,,No valid identifier (CUSTOMER_TRN) found in row.,2025-11-24T13:49:38.811850
397,,,,NO_STRATEGY,0,,No valid identifier (CUSTOMER_TRN) found in row.,2025-11-24T13:49:38.811981
398,,,,NO_STRATEGY,0,,No valid identifier (CUSTOMER_TRN) found in row.,2025-11-24T13:49:38.812115
399,,,,NO_STRATEGY,0,,No valid identifier (CUSTOMER_TRN) found in row.,2025-11-24T13:49:38.812268
400,,,,NO_STRATEGY,0,,No valid identifier (CUSTOMER_TRN) found in row.,2025-11-24T13:49:38.812375
401,,,,NO_STRATEGY,0,,No valid identifier (CUSTOMER_TRN) found in row.,2025-11-24T13:49:38.812505
402,,,,NO_STRATEGY,0,,No valid identifier (CUSTOMER_TRN) found in row.,2025-11-24T13:49:38.812624
403,,,,NO_STRATEGY,0,,No valid identifier (CUSTOMER_TRN) found in row.,2025-11-24T13:49:38.812735
404,,,,NO_STRATEGY,0,,No valid identifier (CUSTOMER_TRN) found in row.,2025-11-24T13:49:38.812841
405,,,,NO_STRATEGY,0,,No valid identifier (CUSTOMER_TRN) found in row.,2025-11-24T13:49:38.812934
406,,,,NO_STRATEGY,0,,No valid identifier (CUSTOMER_TRN) found in row.,2025-11-24T13:49:38.813031
407,,,,NO_STRATEGY,0,,No valid identifier (CUSTOMER_TRN) found in row.,2025-11-24T13:49:38.813129
408,,,,NO_STRATEGY,0,,No valid identifier (CUSTOMER_TRN) found in row.,2025-11-24T13:49:38.813243
409,,,,NO_STRATEGY,0,,No valid identifier (CUSTOMER_TRN) found in row.,2025-11-24T13:49:38.813343
410,,,,NO_STRATEGY,0,,No valid identifier (CUSTOMER_TRN) found in row.,2025-11-24T13:49:38.813444
411,,,,NO_STRATEGY,0,,No valid identifier (CUSTOMER_TRN) found in row.,2025-11-24T13:49:38.813544
412,,,,NO_STRATEGY,0,,No valid identifier (CUSTOMER_TRN) found in row.,2025-11-24T13:49:38.813643
413,,,,NO_STRATEGY,0,,No valid identifier (CUSTOMER_TRN) found in row.,2025-11-24T13:49:38.813737
414,,,,NO_STRATEGY,0,,No valid identifier (CUSTOMER_TRN) found in row.,2025-11-24T13:49:38.813828
415,,,,NO_STRATEGY,0,,No valid identifier (CUSTOMER_TRN) found in row.,2025-11-24T13:49:38.813934
416,,,,NO_STRATEGY,0,,No valid identifier (CUSTOMER_TRN) found in row.,2025-11-24T13:49:38.814045
417,,,,NO_STRATEGY,0,,No valid identifier (CUSTOMER_TRN) found in row.,2025-11-24T13:49:38.814149
418,,,,NO_STRATEGY,0,,No valid identifier (CUSTOMER_TRN) found in row.,2025-11-24T13:49:38.814310
419,,,,NO_STRATEGY,0,,No valid identifier (CUSTOMER_TRN) found in row.,2025-11-24T13:49:38.814595
420,,,,NO_STRATEGY,0,,No valid identifier (CUSTOMER_TRN) found in row.,2025-11-24T13:49:38.814721
421,,,,NO_STRATEGY,0,,No valid identifier (CUSTOMER_TRN) found in row.,2025-11-24T13:49:38.814884
422,,,,NO_STRATEGY,0,,No valid identifier (CUSTOMER_TRN) found in row.,2025-11-24T13:49:38.814986
423,,,,NO_STRATEGY,0,,No valid identifier (CUSTOMER_TRN) found in row.,2025-11-24T13:49:38.815123
424,,,,NO_STRATEGY,0,,No valid identifier (CUSTOMER_TRN) found in row.,2025-11-24T13:49:38.815261
425,,,,NO_STRATEGY,0,,No valid identifier (CUSTOMER_TRN) found in row.,2025-11-24T13:49:38.815364
426,,,,NO_STRATEGY,0,,No valid identifier (CUSTOMER_TRN) found in row.,2025-11-24T13:49:38.815432
427,,,,NO_STRATEGY,0,,No valid identifier (CUSTOMER_TRN) found in row.,2025-11-24T13:49:38.815497
428,,,,NO_STRATEGY,0,,No valid identifier (CUSTOMER_TRN) found in row.,2025-11-24T13:49:38.815589
429,,,,NO_STRATEGY,0,,No valid identifier (CUSTOMER_TRN) found in row.,2025-11-24T13:49:38.815691
430,,,,NO_STRATEGY,0,,No valid identifier (CUSTOMER_TRN) found in row.,2025-11-24T13:49:38.815809
431,,,,NO_STRATEGY,0,,No valid identifier (CUSTOMER_TRN) found in row.,2025-11-24T13:49:38.815902
432,,,,NO_STRATEGY,0,,No valid identifier (CUSTOMER_TRN) found in row.,2025-11-24T13:49:38.815994
433,,,,NO_STRATEGY,0,,No valid identifier (CUSTOMER_TRN) found in row.,2025-11-24T13:49:38.816090
434,,,,NO_STRATEGY,0,,No valid identifier (CUSTOMER_TRN) found in row.,2025-11-24T13:49:38.816181
435,,,,NO_STRATEGY,0,,No valid identifier (CUSTOMER_TRN) found in row.,2025-11-24T13:49:38.816265
436,,,,NO_STRATEGY,0,,No valid identifier (CUSTOMER_TRN) found in row.,2025-11-24T13:49:38.816354
437,,,,NO_STRATEGY,0,,No valid identifier (CUSTOMER_TRN) found in row.,2025-11-24T13:49:38.816458
438,,,,NO_STRATEGY,0,,No valid identifier (CUSTOMER_TRN) found in row.,2025-11-24T13:49:38.816567
439,,,,NO_STRATEGY,0,,No valid identifier (CUSTOMER_TRN) found in row.,2025-11-24T13:49:38.816661
440,,,,NO_STRATEGY,0,,No valid identifier (CUSTOMER_TRN) found in row.,2025-11-24T13:49:38.816779
441,,,,NO_STRATEGY,0,,No valid identifier (CUSTOMER_TRN) found in row.,2025-11-24T13:49:38.816874
442,,,,NO_STRATEGY,0,,No valid identifier (CUSTOMER_TRN) found in row.,2025-11-24T13:49:38.816963
443,,,,NO_STRATEGY,0,,No valid identifier (CUSTOMER_TRN) found in row.,2025-11-24T13:49:38.817072
444,,,,NO_STRATEGY,0,,No valid identifier (CUSTOMER_TRN) found in row.,2025-11-24T13:49:38.817161
445,,,,NO_STRATEGY,0,,No valid identifier (CUSTOMER_TRN) found in row.,2025-11-24T13:49:38.817265
446,,,,NO_STRATEGY,0,,No valid identifier (CUSTOMER_TRN) found in row.,2025-11-24T13:49:38.817371
447,,,,NO_STRATEGY,0,,No valid identifier (CUSTOMER_TRN) found in row.,2025-11-24T13:49:38.817464
448,,,,NO_STRATEGY,0,,No valid identifier (CUSTOMER_TRN) found in row.,2025-11-24T13:49:38.817552
449,,,,NO_STRATEGY,0,,No valid identifier (CUSTOMER_TRN) found in row.,2025-11-24T13:49:38.817642
450,,,,NO_STRATEGY,0,,No valid identifier (CUSTOMER_TRN) found in row.,2025-11-24T13:49:38.817745
451,,,,NO_STRATEGY,0,,No valid identifier (CUSTOMER_TRN) found in row.,2025-11-24T13:49:38.817837
452,,,,NO_STRATEGY,0,,No valid identifier (CUSTOMER_TRN) found in row.,2025-11-24T13:49:38.817921
453,,,,NO_STRATEGY,0,,No valid identifier (CUSTOMER_TRN) found in row.,2025-11-24T13:49:38.818031
454,,,,NO_STRATEGY,0,,No valid identifier (CUSTOMER_TRN) found in row.,2025-11-24T13:49:38.818136
455,,,,NO_STRATEGY,0,,No valid identifier (CUSTOMER_TRN) found in row.,2025-11-24T13:49:38.818238
456,,,,NO_STRATEGY,0,,No valid identifier (CUSTOMER_TRN) found in row.,2025-11-24T13:49:38.818344
457,,,,NO_STRATEGY,0,,No valid identifier (CUSTOMER_TRN) found in row.,2025-11-24T13:49:38.818434
458,,,,NO_STRATEGY,0,,No valid identifier (CUSTOMER_TRN) found in row.,2025-11-24T13:49:38.818540
459,,,,NO_STRATEGY,0,,No valid identifier (CUSTOMER_TRN) found in row.,2025-11-24T13:49:38.818637
460,,,,NO_STRATEGY,0,,No valid identifier (CUSTOMER_TRN) found in row.,2025-11-24T13:49:38.818719
461,,,,NO_STRATEGY,0,,No valid identifier (CUSTOMER_TRN) found in row.,2025-11-24T13:49:38.818828
462,,,,NO_STRATEGY,0,,No valid identifier (CUSTOMER_TRN) found in row.,2025-11-24T13:49:38.818953
463,,,,NO_STRATEGY,0,,No valid identifier (CUSTOMER_TRN) found in row.,2025-11-24T13:49:38.819152
464,,,,NO_STRATEGY,0,,No valid identifier (CUSTOMER_TRN) found in row.,2025-11-24T13:49:38.819291
465,,,,NO_STRATEGY,0,,No valid identifier (CUSTOMER_TRN) found in row.,2025-11-24T13:49:38.819400
466,,,,NO_STRATEGY,0,,No valid identifier (CUSTOMER_TRN) found in row.,2025-11-24T13:49:38.819563
467,,,,NO_STRATEGY,0,,No valid identifier (CUSTOMER_TRN) found in row.,2025-11-24T13:49:38.819692
468,,,,NO_STRATEGY,0,,No valid identifier (CUSTOMER_TRN) found in row.,2025-11-24T13:49:38.819803
469,,,,NO_STRATEGY,0,,No valid identifier (CUSTOMER_TRN) found in row.,2025-11-24T13:49:38.819914
470,,,,NO_STRATEGY,0,,No valid identifier (CUSTOMER_TRN) found in row.,2025-11-24T13:49:38.820008
471,,,,NO_STRATEGY,0,,No valid identifier (CUSTOMER_TRN) found in row.,2025-11-24T13:49:38.820113
472,,,,NO_STRATEGY,0,,No valid identifier (CUSTOMER_TRN) found in row.,2025-11-24T13:49:38.820250
473,,,,NO_STRATEGY,0,,No valid identifier (CUSTOMER_TRN) found in row.,2025-11-24T13:49:38.820355
474,,,,NO_STRATEGY,0,,No valid identifier (CUSTOMER_TRN) found in row.,2025-11-24T13:49:38.820455
475,,,,NO_STRATEGY,0,,No valid identifier (CUSTOMER_TRN) found in row.,2025-11-24T13:49:38.820572
476,,,,NO_STRATEGY,0,,No valid identifier (CUSTOMER_TRN) found in row.,2025-11-24T13:49:38.820708
477,,,,NO_STRATEGY,0,,No valid identifier (CUSTOMER_TRN) found in row.,2025-11-24T13:49:38.820819
478,,,,NO_STRATEGY,0,,No valid identifier (CUSTOMER_TRN) found in row.,2025-11-24T13:49:38.820941
479,,,,NO_STRATEGY,0,,No valid identifier (CUSTOMER_TRN) found in row.,2025-11-24T13:49:38.821051
480,,,,NO_STRATEGY,0,,No valid identifier (CUSTOMER_TRN) found in row.,2025-11-24T13:49:38.821194
481,,,,NO_STRATEGY,0,,No valid identifier (CUSTOMER_TRN) found in row.,2025-11-24T13:49:38.821305
482,,,,NO_STRATEGY,0,,No valid identifier (CUSTOMER_TRN) found in row.,2025-11-24T13:49:38.821422
483,,,,NO_STRATEGY,0,,No valid identifier (CUSTOMER_TRN) found in row.,2025-11-24T13:49:38.821549
484,,,,NO_STRATEGY,0,,No valid identifier (CUSTOMER_TRN) found in row.,2025-11-24T13:49:38.821726
485,,,,NO_STRATEGY,0,,No valid identifier (CUSTOMER_TRN) found in row.,2025-11-24T13:49:38.821879
486,,,,NO_STRATEGY,0,,No valid identifier (CUSTOMER_TRN) found in row.,2025-11-24T13:49:38.822088
487,,,,NO_STRATEGY,0,,No valid identifier (CUSTOMER_TRN) found in row.,2025-11-24T13:49:38.822213
488,,,,NO_STRATEGY,0,,No valid identifier (CUSTOMER_TRN) found in row.,2025-11-24T13:49:38.822320
489,,,,NO_STRATEGY,0,,No valid identifier (CUSTOMER_TRN) found in row.,2025-11-24T13:49:38.822465
490,,,,NO_STRATEGY,0,,No valid identifier (CUSTOMER_TRN) found in row.,2025-11-24T13:49:38.822624
491,,,,NO_STRATEGY,0,,No valid identifier (CUSTOMER_TRN) found in row.,2025-11-24T13:49:38.822773
492,,,,NO_STRATEGY,0,,No valid identifier (CUSTOMER_TRN) found in row.,2025-11-24T13:49:38.822909
493,,,,NO_STRATEGY,0,,No valid identifier (CUSTOMER_TRN) found in row.,2025-11-24T13:49:38.823315
494,,,,NO_STRATEGY,0,,No valid identifier (CUSTOMER_TRN) found in row.,2025-11-24T13:49:38.823516
495,,,,NO_STRATEGY,0,,No valid identifier (CUSTOMER_TRN) found in row.,2025-11-24T13:49:38.823668
496,,,,NO_STRATEGY,0,,No valid identifier (CUSTOMER_TRN) found in row.,2025-11-24T13:49:38.823798
497,,,,NO_STRATEGY,0,,No valid identifier (CUSTOMER_TRN) found in row.,2025-11-24T13:49:38.823941
498,,,,NO_STRATEGY,0,,No valid identifier (CUSTOMER_TRN) found in row.,2025-11-24T13:49:38.824058
499,,,,NO_STRATEGY,0,,No valid identifier (CUSTOMER_TRN) found in row.,2025-11-24T13:49:38.824185
500,,,,NO_STRATEGY,0,,No valid identifier (CUSTOMER_TRN) found in row.,2025-11-24T13:49:38.824346
501,,,,NO_STRATEGY,0,,No valid identifier (CUSTOMER_TRN) found in row.,2025-11-24T13:49:38.824469
502,,,,NO_STRATEGY,0,,No valid identifier (CUSTOMER_TRN) found in row.,2025-11-24T13:49:38.824626
503,,,,NO_STRATEGY,0,,No valid identifier (CUSTOMER_TRN) found in row.,2025-11-24T13:49:38.824778
504,,,,NO_STRATEGY,0,,No valid identifier (CUSTOMER_TRN) found in row.,2025-11-24T13:49:38.824887
505,,,,NO_STRATEGY,0,,No valid identifier (CUSTOMER_TRN) found in row.,2025-11-24T13:49:38.825022
506,,,,NO_STRATEGY,0,,No valid identifier (CUSTOMER_TRN) found in row.,2025-11-24T13:49:38.825132
507,,,,NO_STRATEGY,0,,No valid identifier (CUSTOMER_TRN) found in row.,2025-11-24T13:49:38.825229
508,,,,NO_STRATEGY,0,,No valid identifier (CUSTOMER_TRN) found in row.,2025-11-24T13:49:38.825329
509,,,,NO_STRATEGY,0,,No valid identifier (CUSTOMER_TRN) found in row.,2025-11-24T13:49:38.825420
510,,,,NO_STRATEGY,0,,No valid identifier (CUSTOMER_TRN) found in row.,2025-11-24T13:49:38.825508
511,,,,NO_STRATEGY,0,,No valid identifier (CUSTOMER_TRN) found in row.,2025-11-24T13:49:38.825610
512,,,,NO_STRATEGY,0,,No valid identifier (CUSTOMER_TRN) found in row.,2025-11-24T13:49:38.825710
513,,,,NO_STRATEGY,0,,No valid identifier (CUSTOMER_TRN) found in row.,2025-11-24T13:49:38.825799
514,,,,NO_STRATEGY,0,,No valid identifier (CUSTOMER_TRN) found in row.,2025-11-24T13:49:38.825885
515,,,,NO_STRATEGY,0,,No valid identifier (CUSTOMER_TRN) found in row.,2025-11-24T13:49:38.825972
516,,,,NO_STRATEGY,0,,No valid identifier (CUSTOMER_TRN) found in row.,2025-11-24T13:49:38.826057
517,,,,NO_STRATEGY,0,,No valid identifier (CUSTOMER_TRN) found in row.,2025-11-24T13:49:38.826143
518,,,,NO_STRATEGY,0,,No valid identifier (CUSTOMER_TRN) found in row.,2025-11-24T13:49:38.826229
519,,,,NO_STRATEGY,0,,No valid identifier (CUSTOMER_TRN) found in row.,2025-11-24T13:49:38.826315
520,,,,NO_STRATEGY,0,,No valid identifier (CUSTOMER_TRN) found in row.,2025-11-24T13:49:38.826400
521,,,,NO_STRATEGY,0,,No valid identifier (CUSTOMER_TRN) found in row.,2025-11-24T13:49:38.826517
522,,,,NO_STRATEGY,0,,No valid identifier (CUSTOMER_TRN) found in row.,2025-11-24T13:49:38.826653
523,,,,NO_STRATEGY,0,,No valid identifier (CUSTOMER_TRN) found in row.,2025-11-24T13:49:38.826770
524,,,,NO_STRATEGY,0,,No valid identifier (CUSTOMER_TRN) found in row.,2025-11-24T13:49:38.826867
525,,,,NO_STRATEGY,0,,No valid identifier (CUSTOMER_TRN) found in row.,2025-11-24T13:49:38.826932
526,,,,NO_STRATEGY,0,,No valid identifier (CUSTOMER_TRN) found in row.,2025-11-24T13:49:38.826997
527,,,,NO_STRATEGY,0,,No valid identifier (CUSTOMER_TRN) found in row.,2025-11-24T13:49:38.827080
528,,,,NO_STRATEGY,0,,No valid identifier (CUSTOMER_TRN) found in row.,2025-11-24T13:49:38.827171
529,,,,NO_STRATEGY,0,,No valid identifier (CUSTOMER_TRN) found in row.,2025-11-24T13:49:38.827262
530,,,,NO_STRATEGY,0,,No valid identifier (CUSTOMER_TRN) found in row.,2025-11-24T13:49:38.827358
531,,,,NO_STRATEGY,0,,No valid identifier (CUSTOMER_TRN) found in row.,2025-11-24T13:49:38.827471
532,,,,NO_STRATEGY,0,,No valid identifier (CUSTOMER_TRN) found in row.,2025-11-24T13:49:38.827592
533,,,,NO_STRATEGY,0,,No valid identifier (CUSTOMER_TRN) found in row.,2025-11-24T13:49:38.827687
534,,,,NO_STRATEGY,0,,No valid identifier (CUSTOMER_TRN) found in row.,2025-11-24T13:49:38.827789
535,,,,NO_STRATEGY,0,,No valid identifier (CUSTOMER_TRN) found in row.,2025-11-24T13:49:38.827888
536,,,,NO_STRATEGY,0,,No valid identifier (CUSTOMER_TRN) found in row.,2025-11-24T13:49:38.827964
537,,,,NO_STRATEGY,0,,No valid identifier (CUSTOMER_TRN) found in row.,2025-11-24T13:49:38.828067
538,,,,NO_STRATEGY,0,,No valid identifier (CUSTOMER_TRN) found in row.,2025-11-24T13:49:38.828163
539,,,,NO_STRATEGY,0,,No valid identifier (CUSTOMER_TRN) found in row.,2025-11-24T13:49:38.828253
540,,,,NO_STRATEGY,0,,No valid identifier (CUSTOMER_TRN) found in row.,2025-11-24T13:49:38.828351
541,,,,NO_STRATEGY,0,,No valid identifier (CUSTOMER_TRN) found in row.,2025-11-24T13:49:38.828441
542,,,,NO_STRATEGY,0,,No valid identifier (CUSTOMER_TRN) found in row.,2025-11-24T13:49:38.828546
543,,,,NO_STRATEGY,0,,No valid identifier (CUSTOMER_TRN) found in row.,2025-11-24T13:49:38.828667
544,,,,NO_STRATEGY,0,,No valid identifier (CUSTOMER_TRN) found in row.,2025-11-24T13:49:38.828778
545,,,,NO_STRATEGY,0,,No valid identifier (CUSTOMER_TRN) found in row.,2025-11-24T13:49:38.828885
546,,,,NO_STRATEGY,0,,No valid identifier (CUSTOMER_TRN) found in row.,2025-11-24T13:49:38.828981
547,,,,NO_STRATEGY,0,,No valid identifier (CUSTOMER_TRN) found in row.,2025-11-24T13:49:38.829069
